EntityID,EntityName,PlantID,PlantName,Sector,PlantState,GeneratorID,NameplateCapacityMW,NetSummerCapacityMW,NetWinterCapacityMW,Technology,EnergySourceCode,PrimeMoverCode,OperatingMonth,OperatingYear,County,Latitude,Longitude,GoogleMap
56769,Consolidated Edison Development Inc.,58214,West Greenwich Solar,IPP Non-CHP,RI,WGRI,1.9,1.9,1.9,Solar Photovoltaic,SUN,PV,5,2013,Kent,41.649444,-71.70999999999999,Map
58541,"Forbes Street Solar, LLC",58583,Forbes Street Solar,IPP Non-CHP,RI,FSS1,3,3,3,Solar Photovoltaic,SUN,PV,12,2013,Providence,41.773056,-71.33889000000001,Map
58682,WR-TGC Solar Generation IV LLC,59043,West Davisville Solar,IPP Non-CHP,RI,PV1,2,2,2,Solar Photovoltaic,SUN,PV,12,2013,Washington,41.603611,-71.47722,Map
59209,"Half Moon Ventures, LLC",59858,Johnston Solar,IPP Non-CHP,RI,JSI01,1,1,1,Solar Photovoltaic,SUN,PV,7,2015,Providence,41.800906,-71.55947,Map
63249,Terraform Arcadia,60451,Brookside,IPP Non-CHP,RI,PVBR,1,1,1,Solar Photovoltaic,SUN,PV,11,2015,Providence,41.987579,-71.58396,Map
60281,"Altus Power America Management, LLC",60495,Little Bay,IPP Non-CHP,RI,1,1.3,1.3,1.3,Solar Photovoltaic,SUN,PV,3,2014,Providence,41.799201,-71.43604999999999,Map
60571,AEP Onsite Partners,61461,North Smithfield Solar Power 1,IPP Non-CHP,RI,NSS01,2,2,2,Solar Photovoltaic,SUN,PV,12,2018,Providence,41.9759,-71.586,Map
56769,Consolidated Edison Development Inc.,61499,CED Foster,IPP Non-CHP,RI,FORI,2,2,2,Solar Photovoltaic,SUN,PV,12,2017,Providence,41.795,-71.78700000000001,Map
61216,"WED Kingstown Solar I, LLC",61612,"WED Kingstown Solar I, LLC - West",IPP Non-CHP,RI,KTNEA,1.5,1.5,1.5,Solar Photovoltaic,SUN,PV,12,2017,Washington,41.49175,-71.62457999999999,Map
61217,"WED Stilson Solar, LLC",61613,WED Stilson Solar,IPP Non-CHP,RI,STILS,2,2,2,Solar Photovoltaic,SUN,PV,12,2017,Washington,41.518751,-71.68646,Map
61216,"WED Kingstown Solar I, LLC",61622,WED Kingstown Solar I - East Array,IPP Non-CHP,RI,KTNWA,3,3,3,Solar Photovoltaic,SUN,PV,12,2017,Washington,41.492253,-71.61911000000001,Map
61456,"Hope Farm Solar, LLC",61840,"Hope Farm Solar, LLC",IPP Non-CHP,RI,HOPE,10,10,10,Solar Photovoltaic,SUN,PV,9,2019,Providence,41.7479,-71.52630000000001,Map
61666,"WED GW Solar, LLC CSG",62118,"WED GW Solar, LLC",IPP Non-CHP,RI,GWSOL,3,3,3,Solar Photovoltaic,SUN,PV,1,2019,Providence,41.937033,-71.48757000000001,Map
61012,AES Distributed Energy,62301,Richmond NMCA,IPP Non-CHP,RI,RNM02,4,4,4,Solar Photovoltaic,SUN,PV,12,2018,Washington,41.440191,-71.71539,Map
61012,AES Distributed Energy,62302,Founders Homestead Farms Solar,IPP Non-CHP,RI,RFH01,4.5,4.5,4.5,Solar Photovoltaic,SUN,PV,12,2019,Newport,41.57677,-71.2782,Map
62054,Kearsarge SKSC1 LLC,62551,Kearsarge SKSC1 LLC,IPP Non-CHP,RI,SKSC1,3.8,3.8,3.8,Solar Photovoltaic,SUN,PV,10,2018,Washington,41.471571,-71.49445,Map
62058,Kearsarge SKSC2 LLC,62558,Kearsarge SKSC2 LLC,IPP Non-CHP,RI,SKSC2,3.1,3.1,3.1,Solar Photovoltaic,SUN,PV,10,2018,Washington,41.498281,-71.53341,Map
62062,"GD Richmond Buttonwoods I, LLC",62567,"GD Richmond Buttonwoods I, LLC",IPP Non-CHP,RI,GDBUT,1.3,1.3,1.3,Solar Photovoltaic,SUN,PV,1,2020,Washington,41.522911,-71.68409,Map
62061,"GD West Greenwich Victory I, LLC",62568,"GD West Greenwich Victory I, LLC",IPP Non-CHP,RI,GDVIC,1.8,1.8,1.8,Solar Photovoltaic,SUN,PV,1,2020,Kent,41.657866,-71.68747999999999,Map
62149,Nautilus Goat Island Solar CSG LLC,62672,Nautilus Goat Island Solar CSG LLC,IPP Non-CHP,RI,GI,2.5,2.5,2.5,Solar Photovoltaic,SUN,PV,8,2019,Providence,41.941786,-71.66204,Map
60531,Standard Solar,62898,Town of Burrillville Solar CSG,IPP Non-CHP,RI,X0042,4.2,4.2,4.2,Solar Photovoltaic,SUN,PV,10,2020,Providence,41.954239,-71.66119999999999,Map
62918,TPE Hopkins Solar Holdings1 LLC,63136,Hopkins Hill CSG,IPP Non-CHP,RI,HH1,4.8,4.8,4.8,Solar Photovoltaic,SUN,PV,11,2020,Kent,41.61609,-71.56683,Map
62918,TPE Hopkins Solar Holdings1 LLC,63136,Hopkins Hill CSG,IPP Non-CHP,RI,HH2,4.7,4.7,4.7,Solar Photovoltaic,SUN,PV,11,2020,Kent,41.61609,-71.56683,Map
62701,"Vista Solar, Inc.",63191,Hopkinton Phase 2,IPP Non-CHP,RI,HTP2,2.5,2.5,1.9,Solar Photovoltaic,SUN,PV,9,2020,Washington,41.443293,-71.79113,Map
61012,AES Distributed Energy,63668,"University Solar, LLC",IPP Non-CHP,RI,URI,24,24,24,Solar Photovoltaic,SUN,PV,12,2019,Kent,41.6133,-71.6593,Map
63417,"ISM Solar Cranston, LLC",63718,ISM Solar Cranston CSG,IPP Non-CHP,RI,CR,3.1,3.1,3.1,Solar Photovoltaic,SUN,PV,12,2020,Providence,41.735147,-71.46304000000001,Map
63548,"GD Hopkinton Main I, LLC",63893,"GD Hopkinton Main I, LLC",IPP Non-CHP,RI,MAIN1,2.6,2.6,2.6,Solar Photovoltaic,SUN,PV,11,2020,Washington,41.438293,-71.78109000000001,Map
63548,"GD Hopkinton Main I, LLC",63893,"GD Hopkinton Main I, LLC",IPP Non-CHP,RI,MAIN2,3.9,3.9,3.9,Solar Photovoltaic,SUN,PV,11,2020,Washington,41.438293,-71.78109000000001,Map
63548,"GD Hopkinton Main I, LLC",63893,"GD Hopkinton Main I, LLC",IPP Non-CHP,RI,MAIN3,4.1,4.1,4.1,Solar Photovoltaic,SUN,PV,11,2020,Washington,41.438293,-71.78109000000001,Map
61012,AES Distributed Energy,63944,"Blackhorse Farm Solar, LLC CSG",IPP Non-CHP,RI,BHF,3.8,3.8,3.8,Solar Photovoltaic,SUN,PV,12,2020,Bristol,41.7186,-71.2342,Map
60571,AEP Onsite Partners,63997,Pine Hill,IPP Non-CHP,RI,PHS01,5,5,5,Solar Photovoltaic,SUN,PV,8,2020,Providence,41.821004,-71.5625,Map
63693,Captona N.P. LLC,64085,North Providence,IPP Non-CHP,RI,CPRI2,2,2,2,Solar Photovoltaic,SUN,PV,10,2018,Providence,41.869826,-71.47649,Map
63737,Captona Lippitt Ave Cranston LLC,64108,Gold Meadow Farms,IPP Non-CHP,RI,CPRI7,16.2,16.2,16.2,Solar Photovoltaic,SUN,PV,5,2019,Kent,41.734903,-71.52818000000001,Map
63740,Captona A Street 2 Johnston LLC,64111,A Street 2,IPP Non-CHP,RI,CPRI5,1.6,1.6,1.6,Solar Photovoltaic,SUN,PV,12,2018,Providence,41.797544,-71.54593,Map
63742,Captona Kilvert Street Warwick LLC,64113,Kilvert,IPP Non-CHP,RI,CPRI1,4.7,4.7,4.7,Solar Photovoltaic,SUN,PV,12,2018,Kent,41.727505,-71.44961000000001,Map
63743,Captona A Street 1 Johnston LLC,64114,A Street 1,IPP Non-CHP,RI,CPRI4,1.2,1.2,1.2,Solar Photovoltaic,SUN,PV,12,2018,Providence,41.797953,-71.54678,Map
63745,Captona Plainfield Pike Johnston LLC,64116,Plainfield Pike,IPP Non-CHP,RI,CPRI6,2,2,2,Solar Photovoltaic,SUN,PV,6,2019,Providence,41.793111,-71.55347999999999,Map
63904,"WED Coventry Seven, LLC",64333,"WED Coventry Seven, LLC",IPP Non-CHP,RI,WED7,3,3,3,Solar Photovoltaic,SUN,PV,12,2020,Kent,41.697563,-71.72226999999999,Map
63905,"GD Glocester White Oak I, LLC",64334,"GD Glocester White Oak I, LLC",IPP Non-CHP,RI,GDWH,1.8,1.8,1.8,Solar Photovoltaic,SUN,PV,12,2020,Providence,41.861544,-71.59623999999999,Map
